[
  {
    "id": 1,
    "name": "jiya",
    "email": "jiya@gmail.com",
    "password": "12345"
  },
  {
    "id": 2,
    "name": "kunika",
    "email": "kunika@gmail.com",
    "password": "123567"
  },
  {
    "id": 3,
    "name": "Test User",
    "email": "test@example.com",
    "password": "12345"
  },
  {
    "id": 4,
    "name": "Mehak",
    "email": "mehak@gmail.com",
    "password": "5678"
  },
  {
    "id": 5,
    "name": "A",
    "email": "A@gmail.com",
    "password": "909"
  },
  {
    "id": 6,
    "name": "Bi",
    "email": "bi@gmail.com",
    "password": "123456"
  }
]